
{
  "lesson": "Material Complementario y Ejercicios",
  "lesson_number": 5,
  "slug": "material-complementario",
  "expected_quiz_count": 2,
  "quizzes": [
    {
      "quiz_title": "Cuestionario 1: Material Complementario",
      "questions": [
        {
          "question": "Template question for Material Complementario Quiz 1",
          "type": "multiple_choice",
          "options": [],
          "correct": null,
          "explanation": null,
          "notes": "Quiz structure identified - needs manual extraction from course platform"
        }
      ]
    },
    {
      "quiz_title": "Cuestionario 2: Ejercicios",
      "questions": [
        {
          "question": "Template question for Material Complementario Quiz 2",
          "type": "multiple_choice",
          "options": [],
          "correct": null,
          "explanation": null,
          "notes": "Quiz structure identified - needs manual extraction from course platform"
        }
      ]
    }
  ],
  "extraction_status": "template_created",
  "notes": "Template created based on course analysis. Manual extraction needed to complete quiz content."
}
