
{
  "lesson": "¿Qué es una adicción?",
  "lesson_number": 2,
  "slug": "que-es-una-adiccion",
  "expected_quiz_count": 1,
  "quizzes": [
    {
      "quiz_title": "Cuestionario: ¿Qué es una adicción?",
      "questions": [
        {
          "question": "¿Cuál es la principal característica de una adicción?",
          "type": "multiple_choice",
          "options": [
            "Pérdida de control sobre el comportamiento",
            "Uso ocasional de sustancias",
            "Experimentación temporal",
            "Interés casual en actividades"
          ],
          "correct": null,
          "explanation": null,
          "notes": "Quiz structure identified - needs manual extraction from course platform"
        }
      ]
    }
  ],
  "extraction_status": "template_created",
  "notes": "Template created based on course analysis. Manual extraction needed to complete quiz content."
}
