
{
  "lesson": "Terapia integral de pareja",
  "lesson_number": 10,
  "slug": "terapia-integral-pareja",
  "expected_quiz_count": 1,
  "quizzes": [
    {
      "quiz_title": "Cuestionario: Terapia Integral de Pareja",
      "questions": [
        {
          "question": "Template question for Terapia Integral de Pareja",
          "type": "multiple_choice",
          "options": [],
          "correct": null,
          "explanation": null,
          "notes": "Quiz structure identified - needs manual extraction from course platform"
        }
      ]
    }
  ],
  "extraction_status": "template_created",
  "notes": "Template created based on course analysis. Manual extraction needed to complete quiz content."
}
